"","mod","mean"
"1",5,346.525087306137
"2",4,383.134107192452
"3",3,397.333560565905
"4",1,399.461980361306
"5",2,420.418372397646
