"","mod","ntree","mtry","mean"
"1",1,400,3,172.532094050654
"2",2,200,3,1e+06
"3",3,800,7,166.095031154135
"4",4,1000,11,161.535531453261
"5",5,800,9,151.512507589953
