"","mod","mean"
"1",1,19.6827253625364
"2",4,19.8674878572376
"3",5,20.0333124032698
"4",2,30.6937471424865
"5",3,32.5852504520658
